,ds,trend,yhat_lower,yhat_upper,trend_lower,trend_upper,additive_terms,additive_terms_lower,additive_terms_upper,weekly,weekly_lower,weekly_upper,multiplicative_terms,multiplicative_terms_lower,multiplicative_terms_upper,yhat
0,2024-01-18,132.95517840000002,127.11782179593904,138.69788801393793,132.95517840000002,132.95517840000002,-0.2819251026901935,-0.2819251026901935,-0.2819251026901935,-0.2819251026901935,-0.2819251026901935,-0.2819251026901935,0.0,0.0,0.0,132.67325329730983
1,2024-01-19,133.28409121273972,127.44814136940056,139.43683366964544,133.28409121273972,133.28409121273972,0.08475579026694441,0.08475579026694441,0.08475579026694441,0.08475579026694441,0.08475579026694441,0.08475579026694441,0.0,0.0,0.0,133.36884700300666
2,2024-01-20,133.61300402547946,129.36645674888518,141.94991492900365,133.61300402547946,133.61300402547946,2.0030069329770104,2.0030069329770104,2.0030069329770104,2.0030069329770104,2.0030069329770104,2.0030069329770104,0.0,0.0,0.0,135.61601095845646
3,2024-01-23,134.59974246369865,128.46884564109124,140.41992227861653,134.59974246369865,134.59974246369865,-0.21071886519675195,-0.21071886519675195,-0.21071886519675195,-0.21071886519675195,-0.21071886519675195,-0.21071886519675195,0.0,0.0,0.0,134.3890235985019
4,2024-01-24,134.92865527643838,128.46621105621637,140.02804664020718,134.92865527643838,134.92865527643838,-0.5567098169724386,-0.5567098169724386,-0.5567098169724386,-0.5567098169724386,-0.5567098169724386,-0.5567098169724386,0.0,0.0,0.0,134.37194545946593
5,2024-01-25,135.25756808917808,129.0027824319942,140.79895747669852,135.25756808917808,135.25756808917808,-0.2819251026941856,-0.2819251026941856,-0.2819251026941856,-0.2819251026941856,-0.2819251026941856,-0.2819251026941856,0.0,0.0,0.0,134.9756429864839
6,2024-01-29,136.573219340137,131.3243959711355,142.96339748124225,136.573219340137,136.573219340137,0.23350751598416883,0.23350751598416883,0.23350751598416883,0.23350751598416883,0.23350751598416883,0.23350751598416883,0.0,0.0,0.0,136.80672685612117
7,2024-01-30,136.9021321528767,130.64254533379736,142.4957421147395,136.9021321528767,136.9021321528767,-0.2107188652015262,-0.2107188652015262,-0.2107188652015262,-0.2107188652015262,-0.2107188652015262,-0.2107188652015262,0.0,0.0,0.0,136.69141328767518
8,2024-01-31,137.23104496561646,130.81950639665718,142.65097230885226,137.23104496561646,137.23104496561646,-0.5567098169747279,-0.5567098169747279,-0.5567098169747279,-0.5567098169747279,-0.5567098169747279,-0.5567098169747279,0.0,0.0,0.0,136.67433514864175
9,2024-02-01,137.55995779892893,131.21149436488676,143.09175763558773,137.55995779892893,137.55995779892893,-0.281925102683802,-0.281925102683802,-0.281925102683802,-0.281925102683802,-0.281925102683802,-0.281925102683802,0.0,0.0,0.0,137.27803269624513
10,2024-02-02,137.88887063224144,132.21701162843218,143.92068966922685,137.88887063224144,137.88887063224144,0.08475579026720453,0.08475579026720453,0.08475579026720453,0.08475579026720453,0.08475579026720453,0.08475579026720453,0.0,0.0,0.0,137.97362642250863
11,2024-02-05,138.8756091321789,132.6642062605247,144.79495964564478,138.8756091321789,138.8756091321789,0.233507515988121,0.233507515988121,0.233507515988121,0.233507515988121,0.233507515988121,0.233507515988121,0.0,0.0,0.0,139.10911664816703
12,2024-02-06,139.20452196549138,132.83517365966136,144.89541470076566,139.20452196549138,139.20452196549138,-0.21071886520009112,-0.21071886520009112,-0.21071886520009112,-0.21071886520009112,-0.21071886520009112,-0.21071886520009112,0.0,0.0,0.0,138.9938031002913
13,2024-02-07,139.53343479880388,133.3009401915589,144.94566164207689,139.53343479880388,139.53343479880388,-0.5567098169770174,-0.5567098169770174,-0.5567098169770174,-0.5567098169770174,-0.5567098169770174,-0.5567098169770174,0.0,0.0,0.0,138.97672498182686
14,2024-02-08,139.86234763211638,133.52835499942285,145.66927813422484,139.86234763211638,139.86234763211638,-0.2819251026877941,-0.2819251026877941,-0.2819251026877941,-0.2819251026877941,-0.2819251026877941,-0.2819251026877941,0.0,0.0,0.0,139.58042252942857
15,2024-02-09,140.19126046542885,134.3277308949145,146.62563337324698,140.19126046542885,140.19126046542885,0.08475579026144799,0.08475579026144799,0.08475579026144799,0.08475579026144799,0.08475579026144799,0.08475579026144799,0.0,0.0,0.0,140.2760162556903
16,2024-02-12,141.1779989653663,135.4984511869092,147.09426836234988,141.1779989653663,141.1779989653663,0.23350751598332442,0.23350751598332442,0.23350751598332442,0.23350751598332442,0.23350751598332442,0.23350751598332442,0.0,0.0,0.0,141.41150648134962
17,2024-02-13,141.5069118102387,135.26407916064193,147.13438020447296,141.5069118102387,141.5069118102387,-0.21071886519865593,-0.21071886519865593,-0.21071886519865593,-0.21071886519865593,-0.21071886519865593,-0.21071886519865593,0.0,0.0,0.0,141.29619294504005
18,2024-02-14,141.83582465511114,135.4422576418355,147.50772128534484,141.83582465511114,141.83582465511114,-0.5567098169724917,-0.5567098169724917,-0.5567098169724917,-0.5567098169724917,-0.5567098169724917,-0.5567098169724917,0.0,0.0,0.0,141.27911483813864
19,2024-02-15,142.16473749998354,136.0095298560225,147.71571099155304,142.16473749998354,142.16473749998354,-0.28192510268571586,-0.28192510268571586,-0.28192510268571586,-0.28192510268571586,-0.28192510268571586,-0.28192510268571586,0.0,0.0,0.0,141.88281239729784
20,2024-02-16,142.49365034485598,136.514943804408,148.53593088813753,142.49365034485598,142.49365034485598,0.08475579026570199,0.08475579026570199,0.08475579026570199,0.08475579026570199,0.08475579026570199,0.08475579026570199,0.0,0.0,0.0,142.57840613512167
21,2024-02-19,143.48038887947322,138.08502041673336,149.47813057367316,143.48038887947322,143.48038887947322,0.2335075159872764,0.2335075159872764,0.2335075159872764,0.2335075159872764,0.2335075159872764,0.2335075159872764,0.0,0.0,0.0,143.7138963954605
22,2024-02-20,143.80930172434563,138.542763442447,149.75230911240033,143.80930172434563,143.80930172434563,-0.21071886519733987,-0.21071886519733987,-0.21071886519733987,-0.21071886519733987,-0.21071886519733987,-0.21071886519733987,0.0,0.0,0.0,143.59858285914828
23,2024-02-21,144.13821456921804,138.23957237311146,149.56731623604043,144.13821456921804,144.13821456921804,-0.5567098169679662,-0.5567098169679662,-0.5567098169679662,-0.5567098169679662,-0.5567098169679662,-0.5567098169679662,0.0,0.0,0.0,143.58150475225008
24,2024-02-22,144.46712741409047,138.81217730856392,150.16076303653628,144.46712741409047,144.46712741409047,-0.28192510268970794,-0.28192510268970794,-0.28192510268970794,-0.28192510268970794,-0.28192510268970794,-0.28192510268970794,0.0,0.0,0.0,144.18520231140076
25,2024-02-23,144.79604025283314,138.7807364541964,150.65154620111855,144.79604025283314,144.79604025283314,0.08475579026170842,0.08475579026170842,0.08475579026170842,0.08475579026170842,0.08475579026170842,0.08475579026170842,0.0,0.0,0.0,144.88079604309485
26,2024-02-26,145.7827787690611,140.0967647583613,151.48231142872038,145.7827787690611,145.7827787690611,0.2335075159868542,0.2335075159868542,0.2335075159868542,0.2335075159868542,0.2335075159868542,0.2335075159868542,0.0,0.0,0.0,146.01628628504795
27,2024-02-27,146.11169160780378,140.13819811691684,151.87243209487264,146.11169160780378,146.11169160780378,-0.21071886520211433,-0.21071886520211433,-0.21071886520211433,-0.21071886520211433,-0.21071886520211433,-0.21071886520211433,0.0,0.0,0.0,145.90097274260165
28,2024-02-28,146.44060444654644,140.19123511208397,151.54557561860977,146.44060444654644,146.44060444654644,-0.5567098169730059,-0.5567098169730059,-0.5567098169730059,-0.5567098169730059,-0.5567098169730059,-0.5567098169730059,0.0,0.0,0.0,145.88389462957343
29,2024-02-29,146.76951728528908,140.34281271917465,152.07411464051765,146.76951728528908,146.76951728528908,-0.28192510268762955,-0.28192510268762955,-0.28192510268762955,-0.28192510268762955,-0.28192510268762955,-0.28192510268762955,0.0,0.0,0.0,146.48759218260145
30,2024-03-01,147.09843012403175,141.03206012834363,153.00140074838683,147.09843012403175,147.09843012403175,0.08475579026596226,0.08475579026596226,0.08475579026596226,0.08475579026596226,0.08475579026596226,0.08475579026596226,0.0,0.0,0.0,147.18318591429772
31,2024-03-02,147.42734296277442,144.02361582056824,155.53159586260813,147.42734296277442,147.42734296277442,2.0030069329757723,2.0030069329757723,2.0030069329757723,2.0030069329757723,2.0030069329757723,2.0030069329757723,0.0,0.0,0.0,149.4303498957502
32,2024-03-04,148.08516864025972,142.5356993800197,154.18355859800909,148.08516864025972,148.08516864025972,0.2335075159908063,0.2335075159908063,0.2335075159908063,0.2335075159908063,0.2335075159908063,0.2335075159908063,0.0,0.0,0.0,148.31867615625052
33,2024-03-05,148.4140814774277,142.37817128794322,154.17720662773033,148.4140814774277,148.4140814774277,-0.21071886519446947,-0.21071886519446947,-0.21071886519446947,-0.21071886519446947,-0.21071886519446947,-0.21071886519446947,0.0,0.0,0.0,148.2033626122332
34,2024-03-06,148.74299431459565,142.29973623228415,154.56096417830642,148.74299431459565,148.74299431459565,-0.5567098169821101,-0.5567098169821101,-0.5567098169821101,-0.5567098169821101,-0.5567098169821101,-0.5567098169821101,0.0,0.0,0.0,148.18628449761354
35,2024-03-07,149.0719071517636,142.87816725467724,154.35419812222116,149.0719071517636,149.0719071517636,-0.281925102689387,-0.281925102689387,-0.281925102689387,-0.281925102689387,-0.281925102689387,-0.281925102689387,0.0,0.0,0.0,148.7899820490742
36,2024-03-11,150.38755850043543,144.34211906322835,156.56915904595317,150.38755850043543,150.38755850043543,0.23350751599038402,0.23350751599038402,0.23350751599038402,0.23350751599038402,0.23350751599038402,0.23350751599038402,0.0,0.0,0.0,150.62106601642583
37,2024-03-12,150.7164713376034,144.4730993460197,156.5314365306221,150.7164713376034,150.7164713376034,-0.2107188651992439,-0.2107188651992439,-0.2107188651992439,-0.2107188651992439,-0.2107188651992439,-0.2107188651992439,0.0,0.0,0.0,150.50575247240414
38,2024-03-13,151.04538417477136,144.52339785875014,156.5188636638226,151.04538417477136,151.04538417477136,-0.5567098169775846,-0.5567098169775846,-0.5567098169775846,-0.5567098169775846,-0.5567098169775846,-0.5567098169775846,0.0,0.0,0.0,150.48867435779377
39,2024-03-14,151.37429701193932,145.29519717914306,156.9372227072008,151.37429701193932,151.37429701193932,-0.28192510268730864,-0.28192510268730864,-0.28192510268730864,-0.28192510268730864,-0.28192510268730864,-0.28192510268730864,0.0,0.0,0.0,151.09237190925202
40,2024-03-15,151.70320984910725,145.8426102086641,157.95752159415017,151.70320984910725,151.70320984910725,0.08475579027034617,0.08475579027034617,0.08475579027034617,0.08475579027034617,0.08475579027034617,0.08475579027034617,0.0,0.0,0.0,151.7879656393776
41,2024-03-18,152.68994834866834,146.98851546886777,159.0700606192592,152.68994834866834,152.68994834866834,0.23350751598680325,0.23350751598680325,0.23350751598680325,0.23350751598680325,0.23350751598680325,0.23350751598680325,0.0,0.0,0.0,152.92345586465515
42,2024-03-19,153.01886118185536,146.8946370396972,159.0491910155155,153.01886118185536,153.01886118185536,-0.2107188651978087,-0.2107188651978087,-0.2107188651978087,-0.2107188651978087,-0.2107188651978087,-0.2107188651978087,0.0,0.0,0.0,152.80814231665755
43,2024-03-20,153.34777401504238,146.8242030348679,158.80374399146348,153.34777401504238,153.34777401504238,-0.5567098169730589,-0.5567098169730589,-0.5567098169730589,-0.5567098169730589,-0.5567098169730589,-0.5567098169730589,0.0,0.0,0.0,152.7910641980693
44,2024-03-21,153.6766868482294,147.8194832643572,159.29421251440456,153.6766868482294,153.6766868482294,-0.2819251026913007,-0.2819251026913007,-0.2819251026913007,-0.2819251026913007,-0.2819251026913007,-0.2819251026913007,0.0,0.0,0.0,153.3947617455381
45,2024-03-22,154.0055996814164,148.36239722511206,159.7425184326582,154.0055996814164,154.0055996814164,0.08475579027047632,0.08475579027047632,0.08475579027047632,0.08475579027047632,0.08475579027047632,0.08475579027047632,0.0,0.0,0.0,154.09035547168688
46,2024-03-26,155.32125101416452,148.8616783352655,161.01227515879208,155.32125101416452,155.32125101416452,-0.21071886520258307,-0.21071886520258307,-0.21071886520258307,-0.21071886520258307,-0.21071886520258307,-0.21071886520258307,0.0,0.0,0.0,155.11053214896194
47,2024-03-27,155.65016384735154,149.30784861551578,160.90298439670735,155.65016384735154,155.65016384735154,-0.5567098169753484,-0.5567098169753484,-0.5567098169753484,-0.5567098169753484,-0.5567098169753484,-0.5567098169753484,0.0,0.0,0.0,155.0934540303762
48,2024-03-28,155.97907668053855,149.76631021111044,161.298452755763,155.97907668053855,155.97907668053855,-0.2819251026831519,-0.2819251026831519,-0.2819251026831519,-0.2819251026831519,-0.2819251026831519,-0.2819251026831519,0.0,0.0,0.0,155.6971515778554
49,2024-04-01,157.29472802126978,151.97408832374074,163.68446146309853,157.29472802126978,157.29472802126978,0.23350751599033298,0.23350751599033298,0.23350751599033298,0.23350751599033298,0.23350751599033298,0.23350751599033298,0.0,0.0,0.0,157.52823553726012
50,2024-04-02,157.6236408564526,151.76015540167242,163.34908392379893,157.6236408564526,157.6236408564526,-0.21071886519505756,-0.21071886519505756,-0.21071886519505756,-0.21071886519505756,-0.21071886519505756,-0.21071886519505756,0.0,0.0,0.0,157.41292199125755
51,2024-04-03,157.95255369163542,151.38568993626643,163.42366900619447,157.95255369163542,157.95255369163542,-0.5567098169667583,-0.5567098169667583,-0.5567098169667583,-0.5567098169667583,-0.5567098169667583,-0.5567098169667583,0.0,0.0,0.0,157.39584387466866
52,2024-04-04,158.2814665268182,151.82817729221944,163.90885912406307,158.2814665268182,158.2814665268182,-0.28192510268714405,-0.28192510268714405,-0.28192510268714405,-0.28192510268714405,-0.28192510268714405,-0.28192510268714405,0.0,0.0,0.0,157.99954142413105
53,2024-04-05,158.610379362001,152.42276215092414,164.40868024494364,158.610379362001,158.610379362001,0.08475579026484982,0.08475579026484982,0.08475579026484982,0.08475579026484982,0.08475579026484982,0.08475579026484982,0.0,0.0,0.0,158.69513515226583
54,2024-04-08,159.59711786754946,153.8784300035319,165.7908525396611,159.59711786754946,159.59711786754946,0.23350751598553643,0.23350751598553643,0.23350751598553643,0.23350751598553643,0.23350751598553643,0.23350751598553643,0.0,0.0,0.0,159.830625383535
55,2024-04-09,159.92603070273225,153.66587084885145,165.7519512540036,159.92603070273225,159.92603070273225,-0.2107188651936224,-0.2107188651936224,-0.2107188651936224,-0.2107188651936224,-0.2107188651936224,-0.2107188651936224,0.0,0.0,0.0,159.71531183753862
56,2024-04-10,160.18778770161367,153.98941925896142,165.40640127285639,160.18778770161367,160.18778770161367,-0.5567098169758626,-0.5567098169758626,-0.5567098169758626,-0.5567098169758626,-0.5567098169758626,-0.5567098169758626,0.0,0.0,0.0,159.63107788463782
57,2024-04-12,160.71130169937655,155.06450408898672,166.75957113467732,160.71130169937655,160.71130169937655,0.08475579026498008,0.08475579026498008,0.08475579026498008,0.08475579026498008,0.08475579026498008,0.08475579026498008,0.0,0.0,0.0,160.79605748964153
58,2024-04-15,161.49657269602085,155.94924609766187,167.52123072278195,161.49657269602085,161.49657269602085,0.2335075159894885,0.2335075159894885,0.2335075159894885,0.2335075159894885,0.2335075159894885,0.2335075159894885,0.0,0.0,0.0,161.73008021201034
59,2024-04-16,161.75832969490227,156.08617035277175,167.4204408872293,161.75832969490227,161.75832969490227,-0.21071886519218722,-0.21071886519218722,-0.21071886519218722,-0.21071886519218722,-0.21071886519218722,-0.21071886519218722,0.0,0.0,0.0,161.5476108297101
60,2024-04-18,162.28184369266518,156.00663607084866,167.61877110799506,162.28184369266518,162.28184369266518,-0.2819251026890578,-0.2819251026890578,-0.2819251026890578,-0.2819251026890578,-0.2819251026890578,-0.2819251026890578,0.0,0.0,0.0,161.99991858997612
61,2024-04-19,162.54360069154663,156.4849000251482,168.35202064377165,162.54360069154663,162.54360069154663,0.08475579025922368,0.08475579025922368,0.08475579025922368,0.08475579025922368,0.08475579025922368,0.08475579025922368,0.0,0.0,0.0,162.62835648180587
62,2024-04-22,163.3288716881909,157.56544281449067,169.59981672037705,163.3288716881909,163.3288716881909,0.23350751599344058,0.23350751599344058,0.23350751599344058,0.23350751599344058,0.23350751599344058,0.23350751599344058,0.0,0.0,0.0,163.56237920418434
63,2024-04-23,163.59062868707235,157.57556040239032,169.26770478903518,163.59062868707235,163.59062868707235,-0.21071886519696142,-0.21071886519696142,-0.21071886519696142,-0.21071886519696142,-0.21071886519696142,-0.21071886519696142,0.0,0.0,0.0,163.3799098218754
64,2024-04-24,163.85238564741837,157.53311857403116,169.36762354314766,163.85238564741837,163.85238564741837,-0.5567098169736263,-0.5567098169736263,-0.5567098169736263,-0.5567098169736263,-0.5567098169736263,-0.5567098169736263,0.0,0.0,0.0,163.29567583044474
65,2024-04-25,164.11414260776442,157.75601432856857,169.1080538110466,164.11414260776442,164.11414260776442,-0.28192510269688564,-0.28192510269688564,-0.28192510269688564,-0.28192510269688564,-0.28192510269688564,-0.28192510269688564,0.0,0.0,0.0,163.83221750506755
66,2024-04-26,164.3758995681104,158.32728847396083,169.94012576129742,164.3758995681104,164.3758995681104,0.08475579026347745,0.08475579026347745,0.08475579026347745,0.08475579026347745,0.08475579026347745,0.08475579026347745,0.0,0.0,0.0,164.46065535837388
67,2024-04-29,165.1611704491485,159.39517516673382,171.46305342303955,165.1611704491485,165.1611704491485,0.23350751598548541,0.23350751598548541,0.23350751598548541,0.23350751598548541,0.23350751598548541,0.23350751598548541,0.0,0.0,0.0,165.39467796513398
68,2024-04-30,165.42292740949452,159.51083603535534,171.07522529864588,165.42292740949452,165.42292740949452,-0.21071886519564553,-0.21071886519564553,-0.21071886519564553,-0.21071886519564553,-0.21071886519564553,-0.21071886519564553,0.0,0.0,0.0,165.21220854429887
69,2024-05-02,165.9464413301866,160.051753823377,171.39234497986294,165.9464413301866,165.9464413301866,-0.28192510268873683,-0.28192510268873683,-0.28192510268873683,-0.28192510268873683,-0.28192510268873683,-0.28192510268873683,0.0,0.0,0.0,165.66451622749784
70,2024-05-03,166.20819829053258,160.7765097070937,172.26730662181112,166.20819829053258,166.20819829053258,0.08475579025948381,0.08475579025948381,0.08475579025948381,0.08475579025948381,0.08475579025948381,0.08475579025948381,0.0,0.0,0.0,166.29295408079207
71,2024-05-06,166.99346917157067,161.34191466280626,173.23418995745973,166.99346917157067,166.99346917157067,0.23350751598943745,0.23350751598943745,0.23350751598943745,0.23350751598943745,0.23350751598943745,0.23350751598943745,0.0,0.0,0.0,167.2269766875601
72,2024-05-07,167.25522613317025,160.98854498982104,173.34853203629802,167.25522613317025,167.25522613317025,-0.2107188652004199,-0.2107188652004199,-0.2107188652004199,-0.2107188652004199,-0.2107188652004199,-0.2107188652004199,0.0,0.0,0.0,167.04450726796983
73,2024-05-08,167.51698309476984,160.7353230223859,172.93501914385027,167.51698309476984,167.51698309476984,-0.5567098169782051,-0.5567098169782051,-0.5567098169782051,-0.5567098169782051,-0.5567098169782051,-0.5567098169782051,0.0,0.0,0.0,166.96027327779163
74,2024-05-09,167.77874005636943,161.64721553355275,173.65792816238803,167.77874005636943,167.77874005636943,-0.2819251026927289,-0.2819251026927289,-0.2819251026927289,-0.2819251026927289,-0.2819251026927289,-0.2819251026927289,0.0,0.0,0.0,167.4968149536767
75,2024-05-10,168.04049701796902,161.93878951853878,174.08152591088432,168.04049701796902,168.04049701796902,0.08475579026373757,0.08475579026373757,0.08475579026373757,0.08475579026373757,0.08475579026373757,0.08475579026373757,0.0,0.0,0.0,168.12525280823274
76,2024-05-13,168.82576790276778,162.85556910377403,175.3520653696583,168.82576790276778,168.82576790276778,0.2335075159846409,0.2335075159846409,0.2335075159846409,0.2335075159846409,0.2335075159846409,0.2335075159846409,0.0,0.0,0.0,169.0592754187524
77,2024-05-14,169.08752486436737,163.06398806433901,174.62441129246474,169.08752486436737,169.08752486436737,-0.2107188651927752,-0.2107188651927752,-0.2107188651927752,-0.2107188651927752,-0.2107188651927752,-0.2107188651927752,0.0,0.0,0.0,168.8768059991746
78,2024-05-15,169.34928182596693,163.00045648261914,174.63209640964897,169.34928182596693,169.34928182596693,-0.5567098169736796,-0.5567098169736796,-0.5567098169736796,-0.5567098169736796,-0.5567098169736796,-0.5567098169736796,0.0,0.0,0.0,168.79257200899323
79,2024-05-16,169.6110387875665,163.44405685529196,175.68570361941607,169.6110387875665,169.6110387875665,-0.281925102688416,-0.281925102688416,-0.281925102688416,-0.281925102688416,-0.281925102688416,-0.281925102688416,0.0,0.0,0.0,169.3291136848781
80,2024-05-17,169.87279574563544,164.22364668370693,175.93053026102325,169.87279574563544,169.87279574563544,0.08475579026799157,0.08475579026799157,0.08475579026799157,0.08475579026799157,0.08475579026799157,0.08475579026799157,0.0,0.0,0.0,169.95755153590343
81,2024-05-18,170.13455270370437,166.2841436388854,177.69808872976776,170.13455270370437,170.13455270370437,2.0030069329751092,2.0030069329751092,2.0030069329751092,2.0030069329751092,2.0030069329751092,2.0030069329751092,0.0,0.0,0.0,172.13755963667947
82,2024-05-21,170.9198235779111,164.9387417672797,176.79117778633633,170.9198235779111,170.9198235779111,-0.21071886519754957,-0.21071886519754957,-0.21071886519754957,-0.21071886519754957,-0.21071886519754957,-0.21071886519754957,0.0,0.0,0.0,170.70910471271355
83,2024-05-22,171.18158053598003,164.49565985452085,176.31393507204066,171.18158053598003,171.18158053598003,-0.5567098169719044,-0.5567098169719044,-0.5567098169719044,-0.5567098169719044,-0.5567098169719044,-0.5567098169719044,0.0,0.0,0.0,170.62487071900813
84,2024-05-23,171.44333749404896,164.97925106684946,177.0817311440476,171.44333749404896,171.44333749404896,-0.28192510269240806,-0.28192510269240806,-0.28192510269240806,-0.28192510269240806,-0.28192510269240806,-0.28192510269240806,0.0,0.0,0.0,171.16141239135655
85,2024-05-24,171.70509445211786,166.01830102864395,178.0055549170636,171.70509445211786,171.70509445211786,0.08475579026399793,0.08475579026399793,0.08475579026399793,0.08475579026399793,0.08475579026399793,0.08475579026399793,0.0,0.0,0.0,171.78985024238187
86,2024-05-27,172.49036532632462,166.81121271351853,178.706156851701,172.49036532632462,172.49036532632462,0.2335075159850121,0.2335075159850121,0.2335075159850121,0.2335075159850121,0.2335075159850121,0.2335075159850121,0.0,0.0,0.0,172.72387284230965
87,2024-05-28,172.75212228439352,166.1277412822722,178.34964253942005,172.75212228439352,172.75212228439352,-0.2107188652023239,-0.2107188652023239,-0.2107188652023239,-0.2107188652023239,-0.2107188652023239,-0.2107188652023239,0.0,0.0,0.0,172.5414034191912
88,2024-05-29,173.01387924290083,166.14572616499302,178.3562209207214,173.01387924290083,173.01387924290083,-0.5567098169673789,-0.5567098169673789,-0.5567098169673789,-0.5567098169673789,-0.5567098169673789,-0.5567098169673789,0.0,0.0,0.0,172.45716942593344
89,2024-05-30,173.27563620140816,166.6674641637326,178.90770173725468,173.27563620140816,173.27563620140816,-0.2819251026903297,-0.2819251026903297,-0.2819251026903297,-0.2819251026903297,-0.2819251026903297,-0.2819251026903297,0.0,0.0,0.0,172.99371109871782
90,2024-05-31,173.53739315991547,167.72601047556876,179.4938085943125,173.53739315991547,173.53739315991547,0.0847557902682517,0.0847557902682517,0.0847557902682517,0.0847557902682517,0.0847557902682517,0.0847557902682517,0.0,0.0,0.0,173.6221489501837
91,2024-06-03,174.3226640354374,168.37292886918175,179.94970523464576,174.3226640354374,174.3226640354374,0.2335075159889641,0.2335075159889641,0.2335075159889641,0.2335075159889641,0.2335075159889641,0.2335075159889641,0.0,0.0,0.0,174.5561715514264
92,2024-06-04,174.58442099394475,168.4242605952572,180.5645880833508,174.58442099394475,174.58442099394475,-0.21071886519467917,-0.21071886519467917,-0.21071886519467917,-0.21071886519467917,-0.21071886519467917,-0.21071886519467917,0.0,0.0,0.0,174.37370212875007
93,2024-06-05,174.84617795245208,168.73485214370686,180.41580811992958,174.84617795245208,174.84617795245208,-0.556709816976483,-0.556709816976483,-0.556709816976483,-0.556709816976483,-0.556709816976483,-0.556709816976483,0.0,0.0,0.0,174.2894681354756
94,2024-06-06,175.1079349109594,168.9382071360691,180.77528235594252,175.1079349109594,175.1079349109594,-0.2819251026882513,-0.2819251026882513,-0.2819251026882513,-0.2819251026882513,-0.2819251026882513,-0.2819251026882513,0.0,0.0,0.0,174.82600980827112
95,2024-06-07,175.36969186946672,169.3449053013718,181.7518650123115,175.36969186946672,175.36969186946672,0.0847557902624953,0.0847557902624953,0.0847557902624953,0.0847557902624953,0.0847557902624953,0.0847557902624953,0.0,0.0,0.0,175.45444765972923
96,2024-06-10,175.48425590402977,169.9900224877099,181.68207703105378,175.48425590402977,175.48425590402977,0.2335075159885419,0.2335075159885419,0.2335075159885419,0.2335075159885419,0.2335075159885419,0.2335075159885419,0.0,0.0,0.0,175.71776342001831
97,2024-06-11,175.52244391555078,169.7718922219102,181.31649628002629,175.52244391555078,175.52244391555078,-0.21071886519945354,-0.21071886519945354,-0.21071886519945354,-0.21071886519945354,-0.21071886519945354,-0.21071886519945354,0.0,0.0,0.0,175.31172505035133
98,2024-06-12,175.5606319270718,168.58908726433384,180.87068950108142,175.5606319270718,175.5606319270718,-0.5567098169747079,-0.5567098169747079,-0.5567098169747079,-0.5567098169747079,-0.5567098169747079,-0.5567098169747079,0.0,0.0,0.0,175.00392211009708
99,2024-06-13,175.5988199385928,169.66937233843382,181.0791153216723,175.5988199385928,175.5988199385928,-0.2819251026861729,-0.2819251026861729,-0.2819251026861729,-0.2819251026861729,-0.2819251026861729,-0.2819251026861729,0.0,0.0,0.0,175.31689483590665
100,2024-06-14,175.63700795011383,170.23364358284255,181.14411889058485,175.63700795011383,175.63700795011383,0.08475579026674915,0.08475579026674915,0.08475579026674915,0.08475579026674915,0.08475579026674915,0.08475579026674915,0.0,0.0,0.0,175.72176374038057
101,2024-06-18,175.7897599961979,169.71600155298827,181.26795365974405,175.7897599961979,175.7897599961979,-0.21071886519813746,-0.21071886519813746,-0.21071886519813746,-0.21071886519813746,-0.21071886519813746,-0.21071886519813746,0.0,0.0,0.0,175.57904113099974
102,2024-06-19,175.82794800771893,169.7855041443858,181.717513796818,175.82794800771893,175.82794800771893,-0.5567098169769973,-0.5567098169769973,-0.5567098169769973,-0.5567098169769973,-0.5567098169769973,-0.5567098169769973,0.0,0.0,0.0,175.27123819074194
103,2024-06-20,175.86613601923995,170.28571165037235,181.42390208768254,175.86613601923995,175.86613601923995,-0.281925102690165,-0.281925102690165,-0.281925102690165,-0.281925102690165,-0.281925102690165,-0.281925102690165,0.0,0.0,0.0,175.58421091654978
104,2024-06-21,175.5011496635007,169.98320204850552,181.45478403668236,175.5011496635007,175.5011496635007,0.0847557902668793,0.0847557902668793,0.0847557902668793,0.0847557902668793,0.0847557902668793,0.0847557902668793,0.0,0.0,0.0,175.5859054537676
105,2024-06-24,174.40619059628293,168.51401527075507,180.41127560669122,174.40619059628293,174.40619059628293,0.23350751598769745,0.23350751598769745,0.23350751598769745,0.23350751598769745,0.23350751598769745,0.23350751598769745,0.0,0.0,0.0,174.63969811227062
106,2024-06-25,174.04120424054366,168.0234372332246,179.8849900237374,174.04120424054366,174.04120424054366,-0.2107188652029119,-0.2107188652029119,-0.2107188652029119,-0.2107188652029119,-0.2107188652029119,-0.2107188652029119,0.0,0.0,0.0,173.83048537534074
107,2024-06-26,173.67621788480443,167.2060713092575,179.09366901520139,173.67621788480443,173.67621788480443,-0.5567098169724718,-0.5567098169724718,-0.5567098169724718,-0.5567098169724718,-0.5567098169724718,-0.5567098169724718,0.0,0.0,0.0,173.11950806783196
108,2024-06-27,173.31123152906514,167.76117394142682,179.1518512739677,173.31123152906514,173.31123152906514,-0.2819251026820162,-0.2819251026820162,-0.2819251026820162,-0.2819251026820162,-0.2819251026820162,-0.2819251026820162,0.0,0.0,0.0,173.02930642638313
109,2024-06-28,172.9462451733259,167.24545544221624,179.21515478032913,172.9462451733259,172.9462451733259,0.08475579026700943,0.08475579026700943,0.08475579026700943,0.08475579026700943,0.08475579026700943,0.08475579026700943,0.0,0.0,0.0,173.0310009635929
110,2024-07-01,171.85128610610812,165.91926175660043,178.12086272448155,171.85128610610812,171.85128610610812,0.23350751599164943,0.23350751599164943,0.23350751599164943,0.23350751599164943,0.23350751599164943,0.23350751599164943,0.0,0.0,0.0,172.08479362209977
111,2024-07-02,171.48629975036886,165.19065277477856,176.816486056134,171.48629975036886,171.48629975036886,-0.21071886520147665,-0.21071886520147665,-0.21071886520147665,-0.21071886520147665,-0.21071886520147665,-0.21071886520147665,0.0,0.0,0.0,171.2755808851674
112,2024-07-03,171.09991038527343,165.02939729575695,177.0065304062282,171.09991038527343,171.09991038527343,-0.5567098169679462,-0.5567098169679462,-0.5567098169679462,-0.5567098169679462,-0.5567098169679462,-0.5567098169679462,0.0,0.0,0.0,170.54320056830548
113,2024-07-04,170.713521020178,164.46459894610726,176.10738270499323,170.713521020178,170.713521020178,-0.28192510268984416,-0.28192510268984416,-0.28192510268984416,-0.28192510268984416,-0.28192510268984416,-0.28192510268984416,0.0,0.0,0.0,170.43159591748815
114,2024-07-05,170.32713165508258,164.44879725195582,176.03499420002876,170.32713165508258,170.32713165508258,0.08475579026713949,0.08475579026713949,0.08475579026713949,0.08475579026713949,0.08475579026713949,0.08475579026713949,0.0,0.0,0.0,170.41188744534972
115,2024-07-08,169.16796355979633,163.20653695853014,175.5611981932094,169.16796355979633,169.16796355979633,0.23350751598685296,0.23350751598685296,0.23350751598685296,0.23350751598685296,0.23350751598685296,0.23350751598685296,0.0,0.0,0.0,169.40147107578318
116,2024-07-09,168.7815741947009,162.49961870295581,174.36539440678047,168.7815741947009,168.7815741947009,-0.21071886519395114,-0.21071886519395114,-0.21071886519395114,-0.21071886519395114,-0.21071886519395114,-0.21071886519395114,0.0,0.0,0.0,168.57085532950697
117,2024-07-10,168.39518482960548,162.30004626734325,173.71260611950296,168.39518482960548,168.39518482960548,-0.5567098169770504,-0.5567098169770504,-0.5567098169770504,-0.5567098169770504,-0.5567098169770504,-0.5567098169770504,0.0,0.0,0.0,167.83847501262844
118,2024-07-11,168.00879546451006,161.77687543169336,173.70623905707083,168.00879546451006,168.00879546451006,-0.28192510268776577,-0.28192510268776577,-0.28192510268776577,-0.28192510268776577,-0.28192510268776577,-0.28192510268776577,0.0,0.0,0.0,167.72687036182228
119,2024-07-12,167.62240609941466,161.90261107586647,174.0295593861599,167.62240609941466,167.62240609941466,0.0847557902713934,0.0847557902713934,0.0847557902713934,0.0847557902713934,0.0847557902713934,0.0847557902713934,0.0,0.0,0.0,167.70716188968606
120,2024-07-15,166.46323798986577,160.23451959854165,172.73786186707494,166.46323798986577,166.46323798986577,0.2335075159876463,0.2335075159876463,0.2335075159876463,0.2335075159876463,0.2335075159876463,0.2335075159876463,0.0,0.0,0.0,166.69674550585341
121,2024-07-16,166.07684862001616,160.43868890505505,171.6115594047878,166.07684862001616,166.07684862001616,-0.21071886519251593,-0.21071886519251593,-0.21071886519251593,-0.21071886519251593,-0.21071886519251593,-0.21071886519251593,0.0,0.0,0.0,165.86612975482365
122,2024-07-18,165.3040698803169,158.75421410197495,171.40931150670883,165.3040698803169,165.3040698803169,-0.2819251026917579,-0.2819251026917579,-0.2819251026917579,-0.2819251026917579,-0.2819251026917579,-0.2819251026917579,0.0,0.0,0.0,165.02214477762513
123,2024-07-19,164.91768051046728,158.87877926739384,170.79220848086203,164.91768051046728,164.91768051046728,0.08475579026739978,0.08475579026739978,0.08475579026739978,0.08475579026739978,0.08475579026739978,0.08475579026739978,0.0,0.0,0.0,165.00243630073467
124,2024-07-22,163.7585124009184,158.5667736079611,169.98609260069293,163.7585124009184,163.7585124009184,0.23350751598722413,0.23350751598722413,0.23350751598722413,0.23350751598722413,0.23350751598722413,0.23350751598722413,0.0,0.0,0.0,163.9920199169056
125,2024-07-23,163.37212303106875,157.26274920096273,168.2360235119477,163.37212303106875,163.37212303106875,-0.21071886519729036,-0.21071886519729036,-0.21071886519729036,-0.21071886519729036,-0.21071886519729036,-0.21071886519729036,0.0,0.0,0.0,163.16140416587146
126,2024-07-24,162.98573366121911,156.71533162952164,168.1807667101613,162.98573366121911,162.98573366121911,-0.5567098169748143,-0.5567098169748143,-0.5567098169748143,-0.5567098169748143,-0.5567098169748143,-0.5567098169748143,0.0,0.0,0.0,162.4290238442443
127,2024-07-25,162.59934429136948,156.57152269132573,168.52162802798014,162.59934429136948,162.59934429136948,-0.28192510269575,-0.28192510269575,-0.28192510269575,-0.28192510269575,-0.28192510269575,-0.28192510269575,0.0,0.0,0.0,162.31741918867374
128,2024-07-26,162.21295492322443,156.19169194252532,168.6283740107824,162.21295492322443,162.21295492322443,0.08475579026576692,0.08475579026576692,0.08475579026576692,0.08475579026576692,0.08475579026576692,0.08475579026576692,0.0,0.0,0.0,162.2977107134902
129,2024-07-29,161.05378681878923,155.5535963388044,167.18639594612924,161.05378681878923,161.05378681878923,0.2335075159911762,0.2335075159911762,0.2335075159911762,0.2335075159911762,0.2335075159911762,0.2335075159911762,0.0,0.0,0.0,161.2872943347804
130,2024-07-30,160.66739745064413,154.03457335191442,166.53355315034565,160.66739745064413,160.66739745064413,-0.21071886519585523,-0.21071886519585523,-0.21071886519585523,-0.21071886519585523,-0.21071886519585523,-0.21071886519585523,0.0,0.0,0.0,160.4566785854483
131,2024-07-31,160.2810080824991,153.45370788307565,165.79837166480087,160.2810080824991,160.2810080824991,-0.556709816973039,-0.556709816973039,-0.556709816973039,-0.556709816973039,-0.556709816973039,-0.556709816973039,0.0,0.0,0.0,159.72429826552607
132,2024-08-01,159.894618714354,153.79168344667585,164.96590831997898,159.894618714354,159.894618714354,-0.2819251026876012,-0.2819251026876012,-0.2819251026876012,-0.2819251026876012,-0.2819251026876012,-0.2819251026876012,0.0,0.0,0.0,159.6126936116664
133,2024-08-02,159.50822934620896,154.17207143243516,165.74334908906653,159.50822934620896,159.50822934620896,0.08475579026177352,0.08475579026177352,0.08475579026177352,0.08475579026177352,0.08475579026177352,0.08475579026177352,0.0,0.0,0.0,159.59298513647073
134,2024-08-05,158.3490612417738,152.24662240569708,164.57669336305932,158.3490612417738,158.3490612417738,0.23350751599512826,0.23350751599512826,0.23350751599512826,0.23350751599512826,0.23350751599512826,0.23350751599512826,0.0,0.0,0.0,158.5825687577689
135,2024-08-06,157.9626718736287,151.6406659006058,163.5787120640184,157.9626718736287,157.9626718736287,-0.2107188652006295,-0.2107188652006295,-0.2107188652006295,-0.2107188652006295,-0.2107188652006295,-0.2107188652006295,0.0,0.0,0.0,157.75195300842807
136,2024-08-07,157.71278846562063,150.88222309738345,163.2389694400836,157.71278846562063,157.71278846562063,-0.5567098169753284,-0.5567098169753284,-0.5567098169753284,-0.5567098169753284,-0.5567098169753284,-0.5567098169753284,0.0,0.0,0.0,157.1560786486453
137,2024-08-08,157.46290505761255,151.57707295988155,163.2405502260692,157.46290505761255,157.46290505761255,-0.28192510269159327,-0.28192510269159327,-0.28192510269159327,-0.28192510269159327,-0.28192510269159327,-0.28192510269159327,0.0,0.0,0.0,157.18097995492096
138,2024-08-09,157.21302164960446,151.07290551670945,163.06863820006572,157.21302164960446,157.21302164960446,0.08475579026602728,0.08475579026602728,0.08475579026602728,0.08475579026602728,0.08475579026602728,0.08475579026602728,0.0,0.0,0.0,157.2977774398705
139,2024-08-12,156.46337142558022,150.8410220220422,162.59164618762247,156.46337142558022,156.46337142558022,0.2335075159827987,0.2335075159827987,0.2335075159827987,0.2335075159827987,0.2335075159827987,0.2335075159827987,0.0,0.0,0.0,156.69687894156303
140,2024-08-13,156.21348801757216,150.351333114871,162.212201676102,156.21348801757216,156.21348801757216,-0.2107188651929849,-0.2107188651929849,-0.2107188651929849,-0.2107188651929849,-0.2107188651929849,-0.2107188651929849,0.0,0.0,0.0,156.0027691523792
141,2024-08-14,155.96360460956407,149.3326418028627,160.76959670522496,155.96360460956407,155.96360460956407,-0.5567098169708029,-0.5567098169708029,-0.5567098169708029,-0.5567098169708029,-0.5567098169708029,-0.5567098169708029,0.0,0.0,0.0,155.40689479259328
142,2024-08-16,155.46383779354792,149.563993973289,161.4748101922633,155.46383779354792,155.46383779354792,0.08475579026027104,0.08475579026027104,0.08475579026027104,0.08475579026027104,0.08475579026027104,0.08475579026027104,0.0,0.0,0.0,155.54859358380818
143,2024-08-19,154.7141875695237,149.28864865583452,161.04405940467532,154.7141875695237,154.7141875695237,0.23350751598237648,0.23350751598237648,0.23350751598237648,0.23350751598237648,0.23350751598237648,0.23350751598237648,0.0,0.0,0.0,154.94769508550607
144,2024-08-20,154.71048134521422,148.72563926692754,160.71386066200876,154.71048134521422,154.71048134521422,-0.21071886519775923,-0.21071886519775923,-0.21071886519775923,-0.21071886519775923,-0.21071886519775923,-0.21071886519775923,0.0,0.0,0.0,154.49976248001647
145,2024-08-21,154.70677512090478,147.81968463679593,160.24228554563769,154.70677512090478,154.70677512090478,-0.5567098169730922,-0.5567098169730922,-0.5567098169730922,-0.5567098169730922,-0.5567098169730922,-0.5567098169730922,0.0,0.0,0.0,154.15006530393168
146,2024-08-22,154.70306889659534,148.135164553602,160.41522373925093,154.70306889659534,154.70306889659534,-0.28192510269127236,-0.28192510269127236,-0.28192510269127236,-0.28192510269127236,-0.28192510269127236,-0.28192510269127236,0.0,0.0,0.0,154.42114379390406
147,2024-08-23,154.6993626722859,149.0062405211794,161.06475551670604,154.6993626722859,154.6993626722859,0.08475579026040089,0.08475579026040089,0.08475579026040089,0.08475579026040089,0.08475579026040089,0.08475579026040089,0.0,0.0,0.0,154.7841184625463
148,2024-08-26,154.68824399935755,148.46010995474913,160.45340799570786,154.68824399935755,154.68824399935755,0.23350751598632863,0.23350751598632863,0.23350751598632863,0.23350751598632863,0.23350751598632863,0.23350751598632863,0.0,0.0,0.0,154.92175151534389
149,2024-08-27,154.68453777504808,148.51363077503913,160.76410995150908,154.68453777504808,154.68453777504808,-0.210718865196443,-0.210718865196443,-0.210718865196443,-0.210718865196443,-0.210718865196443,-0.210718865196443,0.0,0.0,0.0,154.47381890985164
150,2024-08-28,154.68083155073865,148.1419665571977,160.35127253176145,154.68083155073865,154.68083155073865,-0.5567098169685666,-0.5567098169685666,-0.5567098169685666,-0.5567098169685666,-0.5567098169685666,-0.5567098169685666,0.0,0.0,0.0,154.12412173377007
151,2024-08-29,154.72629026296346,148.55361164265642,160.34142627145252,154.72629026296346,154.72629026296346,-0.281925102689194,-0.281925102689194,-0.281925102689194,-0.281925102689194,-0.281925102689194,-0.281925102689194,0.0,0.0,0.0,154.44436516027426
152,2024-08-30,154.77174897518825,148.63527172058548,160.85895870039693,154.77174897518825,154.77174897518825,0.08475579026053097,0.08475579026053097,0.08475579026053097,0.08475579026053097,0.08475579026053097,0.08475579026053097,0.0,0.0,0.0,154.8565047654488
153,2024-09-02,154.90812511186266,149.43704681625113,161.11894347921296,154.90812511186266,154.90812511186266,0.23350751599028063,0.23350751599028063,0.23350751599028063,0.23350751599028063,0.23350751599028063,0.23350751599028063,0.0,0.0,0.0,155.14163262785294
154,2024-09-03,154.95358382408745,149.00925116650353,160.5332405120143,154.95358382408745,154.95358382408745,-0.21071886519500801,-0.21071886519500801,-0.21071886519500801,-0.21071886519500801,-0.21071886519500801,-0.21071886519500801,0.0,0.0,0.0,154.74286495889243
155,2024-09-04,154.99904253631223,148.70172944075503,160.62384091825328,154.99904253631223,154.99904253631223,-0.556709816977671,-0.556709816977671,-0.556709816977671,-0.556709816977671,-0.556709816977671,-0.556709816977671,0.0,0.0,0.0,154.44233271933456
156,2024-09-05,155.04450124853705,148.29160667119257,160.5346897034025,155.04450124853705,155.04450124853705,-0.2819251026871156,-0.2819251026871156,-0.2819251026871156,-0.2819251026871156,-0.2819251026871156,-0.2819251026871156,0.0,0.0,0.0,154.76257614584992
157,2024-09-06,155.08995996076183,148.57502027538163,161.06196917918749,155.08995996076183,155.08995996076183,0.08475579026478489,0.08475579026478489,0.08475579026478489,0.08475579026478489,0.08475579026478489,0.08475579026478489,0.0,0.0,0.0,155.1747157510266
158,2024-09-09,155.22633609743625,149.77468302906505,161.41063663130498,155.22633609743625,155.22633609743625,0.2335075159898585,0.2335075159898585,0.2335075159898585,0.2335075159898585,0.2335075159898585,0.2335075159898585,0.0,0.0,0.0,155.4598436134261
159,2024-09-10,155.27179482270182,149.0858541568176,161.44849509808824,155.27179482270182,155.27179482270182,-0.21071886519357272,-0.21071886519357272,-0.21071886519357272,-0.21071886519357272,-0.21071886519357272,-0.21071886519357272,0.0,0.0,0.0,155.06107595750825
160,2024-09-11,155.3172535479674,148.69006510738473,160.58498420921822,155.3172535479674,155.3172535479674,-0.5567098169731455,-0.5567098169731455,-0.5567098169731455,-0.5567098169731455,-0.5567098169731455,-0.5567098169731455,0.0,0.0,0.0,154.76054373099424
161,2024-09-12,155.36271227323297,148.78241199323284,160.85158950278003,155.36271227323297,155.36271227323297,-0.28192510268887305,-0.28192510268887305,-0.28192510268887305,-0.28192510268887305,-0.28192510268887305,-0.28192510268887305,0.0,0.0,0.0,155.0807871705441
162,2024-09-13,155.40817099849858,149.51553944428233,161.21354467868804,155.40817099849858,155.40817099849858,0.08475579026903872,0.08475579026903872,0.08475579026903872,0.08475579026903872,0.08475579026903872,0.08475579026903872,0.0,0.0,0.0,155.49292678876762
163,2024-09-16,155.5445471742953,149.94704883817857,161.79513890559426,155.5445471742953,155.5445471742953,0.23350751598943606,0.23350751598943606,0.23350751598943606,0.23350751598943606,0.23350751598943606,0.23350751598943606,0.0,0.0,0.0,155.77805469028473
164,2024-09-17,155.59000589956088,149.52962332755828,161.45231529949433,155.59000589956088,155.59000589956088,-0.21071886519834718,-0.21071886519834718,-0.21071886519834718,-0.21071886519834718,-0.21071886519834718,-0.21071886519834718,0.0,0.0,0.0,155.37928703436253
165,2024-09-18,155.63546462482648,149.50001951910227,161.31038384892796,155.63546462482648,155.63546462482648,-0.5567098169713702,-0.5567098169713702,-0.5567098169713702,-0.5567098169713702,-0.5567098169713702,-0.5567098169713702,0.0,0.0,0.0,155.07875480785512
166,2024-09-19,155.68092335009203,149.5047857895282,160.89000228094557,155.68092335009203,155.68092335009203,-0.28192510269286514,-0.28192510269286514,-0.28192510269286514,-0.28192510269286514,-0.28192510269286514,-0.28192510269286514,0.0,0.0,0.0,155.39899824739916
167,2024-09-20,155.7263820764482,149.9874405578648,162.374661468845,155.7263820764482,155.7263820764482,0.0847557902691688,0.0847557902691688,0.0847557902691688,0.0847557902691688,0.0847557902691688,0.0847557902691688,0.0,0.0,0.0,155.81113786671736
168,2024-09-23,155.86275825551672,150.25146573085334,162.05568527571262,155.86275825551672,155.86275825551672,0.23350751598585526,0.23350751598585526,0.23350751598585526,0.23350751598585526,0.23350751598585526,0.23350751598585526,0.0,0.0,0.0,156.09626577150257
169,2024-09-24,155.9082169818729,149.44343953672404,161.49816031603157,155.9082169818729,155.9082169818729,-0.2107188652031216,-0.2107188652031216,-0.2107188652031216,-0.2107188652031216,-0.2107188652031216,-0.2107188652031216,0.0,0.0,0.0,155.69749811666978
170,2024-09-25,155.95367570822907,150.01578272090148,161.4423994358751,155.95367570822907,155.95367570822907,-0.5567098169736596,-0.5567098169736596,-0.5567098169736596,-0.5567098169736596,-0.5567098169736596,-0.5567098169736596,0.0,0.0,0.0,155.3969658912554
171,2024-09-26,155.99913443458524,150.20130491262856,161.57499551369364,155.99913443458524,155.99913443458524,-0.2819251026847163,-0.2819251026847163,-0.2819251026847163,-0.2819251026847163,-0.2819251026847163,-0.2819251026847163,0.0,0.0,0.0,155.71720933190053
172,2024-09-27,156.04459316094145,150.30584176027963,161.94245653524507,156.04459316094145,156.04459316094145,0.08475579026929886,0.08475579026929886,0.08475579026929886,0.08475579026929886,0.08475579026929886,0.08475579026929886,0.0,0.0,0.0,156.12934895121074
173,2024-09-30,156.18096934000997,150.41492140115028,162.4236047998455,156.18096934000997,156.18096934000997,0.23350751598980732,0.23350751598980732,0.23350751598980732,0.23350751598980732,0.23350751598980732,0.23350751598980732,0.0,0.0,0.0,156.41447685599977
174,2024-10-01,156.22642806636614,149.848865258566,161.83217606334549,156.22642806636614,156.22642806636614,-0.21071886520168634,-0.21071886520168634,-0.21071886520168634,-0.21071886520168634,-0.21071886520168634,-0.21071886520168634,0.0,0.0,0.0,156.01570920116444
175,2024-10-03,156.05943118017439,150.21451731899464,161.8765454353607,156.05943118017439,156.05943118017439,-0.28192510268870846,-0.28192510268870846,-0.28192510268870846,-0.28192510268870846,-0.28192510268870846,-0.28192510268870846,0.0,0.0,0.0,155.77750607748567
176,2024-10-04,155.9759327370785,150.3363808169266,162.08251807294542,155.9759327370785,155.9759327370785,0.08475579026354262,0.08475579026354262,0.08475579026354262,0.08475579026354262,0.08475579026354262,0.08475579026354262,0.0,0.0,0.0,156.06068852734202
177,2024-10-07,155.72543740779085,150.0693064169638,162.0829351785745,155.72543740779085,155.72543740779085,0.23350751598501085,0.23350751598501085,0.23350751598501085,0.23350751598501085,0.23350751598501085,0.23350751598501085,0.0,0.0,0.0,155.95894492377587
178,2024-10-08,155.64193896469496,149.3899751036114,160.81110251524268,155.64193896469496,155.64193896469496,-0.21071886520025127,-0.21071886520025127,-0.21071886520025127,-0.21071886520025127,-0.21071886520025127,-0.21071886520025127,0.0,0.0,0.0,155.4312200994947
179,2024-10-09,155.5584405215991,148.96822031053503,160.80985844384415,155.5584405215991,155.5584405215991,-0.5567098169741738,-0.5567098169741738,-0.5567098169741738,-0.5567098169741738,-0.5567098169741738,-0.5567098169741738,0.0,0.0,0.0,155.00173070462492
180,2024-10-10,155.4749420785032,149.4009903647701,161.32936567060722,155.4749420785032,155.4749420785032,-0.28192510268663007,-0.28192510268663007,-0.28192510268663007,-0.28192510268663007,-0.28192510268663007,-0.28192510268663007,0.0,0.0,0.0,155.19301697581656
181,2024-10-11,155.39144363540734,149.76086373379684,161.26862682534454,155.39144363540734,155.39144363540734,0.08475579026779623,0.08475579026779623,0.08475579026779623,0.08475579026779623,0.08475579026779623,0.08475579026779623,0.0,0.0,0.0,155.47619942567513
182,2024-10-14,155.14094830611967,149.77958694818898,161.49294127790807,155.14094830611967,155.14094830611967,0.23350751598896288,0.23350751598896288,0.23350751598896288,0.23350751598896288,0.23350751598896288,0.23350751598896288,0.0,0.0,0.0,155.37445582210864
183,2024-10-15,154.9082237590512,148.5387628623491,160.55116359033596,154.9082237590512,154.9082237590512,-0.21071886519893523,-0.21071886519893523,-0.21071886519893523,-0.21071886519893523,-0.21071886519893523,-0.21071886519893523,0.0,0.0,0.0,154.69750489385225
184,2024-10-16,154.6754992119827,148.21429248623863,159.88589655182173,154.6754992119827,154.6754992119827,-0.556709816976463,-0.556709816976463,-0.556709816976463,-0.556709816976463,-0.556709816976463,-0.556709816976463,0.0,0.0,0.0,154.11878939500625
185,2024-10-17,154.4427746649142,148.1949978595098,159.61355794608062,154.4427746649142,154.4427746649142,-0.28192510269062226,-0.28192510269062226,-0.28192510269062226,-0.28192510269062226,-0.28192510269062226,-0.28192510269062226,0.0,0.0,0.0,154.16084956222358
186,2024-10-18,154.21005011784573,148.7342650516852,159.727613744524,154.21005011784573,154.21005011784573,0.08475579026380274,0.08475579026380274,0.08475579026380274,0.08475579026380274,0.08475579026380274,0.08475579026380274,0.0,0.0,0.0,154.29480590810954
187,2024-10-21,153.51187647664028,147.87688250007847,159.68119983443844,153.51187647664028,153.51187647664028,0.23350751598854053,0.23350751598854053,0.23350751598854053,0.23350751598854053,0.23350751598854053,0.23350751598854053,0.0,0.0,0.0,153.74538399262883
188,2024-10-22,153.2791519295718,147.00543499281878,158.89762355603554,153.2791519295718,153.2791519295718,-0.21071886519750013,-0.21071886519750013,-0.21071886519750013,-0.21071886519750013,-0.21071886519750013,-0.21071886519750013,0.0,0.0,0.0,153.06843306437432
189,2024-10-23,153.0464273825033,146.66549275243858,158.22526516342612,153.0464273825033,153.0464273825033,-0.5567098169719377,-0.5567098169719377,-0.5567098169719377,-0.5567098169719377,-0.5567098169719377,-0.5567098169719377,0.0,0.0,0.0,152.48971756553138
190,2024-10-24,152.81370283543484,146.85076745509056,158.51479013183163,152.81370283543484,152.81370283543484,-0.2819251026885438,-0.2819251026885438,-0.2819251026885438,-0.2819251026885438,-0.2819251026885438,-0.2819251026885438,0.0,0.0,0.0,152.5317777327463
191,2024-10-25,152.58097829126714,146.4210481367695,158.9522124631514,152.58097829126714,152.58097829126714,0.08475579026805657,0.08475579026805657,0.08475579026805657,0.08475579026805657,0.08475579026805657,0.08475579026805657,0.0,0.0,0.0,152.6657340815352
192,2024-10-28,151.882804658764,146.2480032288665,157.9482887433176,151.882804658764,151.882804658764,0.23350751599249273,0.23350751599249273,0.23350751599249273,0.23350751599249273,0.23350751599249273,0.23350751599249273,0.0,0.0,0.0,152.1163121747565
193,2024-10-29,151.65008011459628,145.48038276657525,157.66622455350304,151.65008011459628,151.65008011459628,-0.21071886519606484,-0.21071886519606484,-0.21071886519606484,-0.21071886519606484,-0.21071886519606484,-0.21071886519606484,0.0,0.0,0.0,151.4393612494002
194,2024-10-30,151.41735557042858,144.92597495677242,156.7767240790477,151.41735557042858,151.41735557042858,-0.5567098169810419,-0.5567098169810419,-0.5567098169810419,-0.5567098169810419,-0.5567098169810419,-0.5567098169810419,0.0,0.0,0.0,150.86064575344753
195,2024-10-31,151.1846310262609,144.80093766995034,156.75422075564236,151.1846310262609,151.1846310262609,-0.28192510269030124,-0.28192510269030124,-0.28192510269030124,-0.28192510269030124,-0.28192510269030124,-0.28192510269030124,0.0,0.0,0.0,150.90270592357058
196,2024-11-01,150.95190648209316,145.17958421876438,157.01360694540458,150.95190648209316,150.95190648209316,0.0847557902681868,0.0847557902681868,0.0847557902681868,0.0847557902681868,0.0847557902681868,0.0847557902681868,0.0,0.0,0.0,151.03666227236135
197,2024-11-04,150.25373284959005,144.38165683715764,156.44152699055695,150.25373284959005,150.25373284959005,0.23350751599207037,0.23350751599207037,0.23350751599207037,0.23350751599207037,0.23350751599207037,0.23350751599207037,0.0,0.0,0.0,150.48724036558212
198,2024-11-05,150.02100830542236,143.86676921930822,155.87758806091384,150.02100830542236,150.02100830542236,-0.21071886520095837,-0.21071886520095837,-0.21071886520095837,-0.21071886520095837,-0.21071886520095837,-0.21071886520095837,0.0,0.0,0.0,149.8102894402214
199,2024-11-06,149.78828374749844,143.34600042357445,154.94824336801167,149.78828374749844,149.78828374749844,-0.5567098169765162,-0.5567098169765162,-0.5567098169765162,-0.5567098169765162,-0.5567098169765162,-0.5567098169765162,0.0,0.0,0.0,149.23157393052193
200,2024-11-07,149.55555918957452,143.60014599018666,154.808405368974,149.55555918957452,149.55555918957452,-0.28192510268822285,-0.28192510268822285,-0.28192510268822285,-0.28192510268822285,-0.28192510268822285,-0.28192510268822285,0.0,0.0,0.0,149.2736340868863
201,2024-11-08,149.32283463165058,143.872265566854,155.33960590402177,149.32283463165058,149.32283463165058,0.08475579026243026,0.08475579026243026,0.08475579026243026,0.08475579026243026,0.08475579026243026,0.08475579026243026,0.0,0.0,0.0,149.407590421913
202,2024-11-11,148.62466095787883,142.91573436157967,155.05350673427023,148.62466095787883,148.62466095787883,0.23350751598848957,0.23350751598848957,0.23350751598848957,0.23350751598848957,0.23350751598848957,0.23350751598848957,0.0,0.0,0.0,148.85816847386732
203,2024-11-12,148.3919363999549,142.21059309706524,153.74478818890103,148.3919363999549,148.3919363999549,-0.2107188651933137,-0.2107188651933137,-0.2107188651933137,-0.2107188651933137,-0.2107188651933137,-0.2107188651933137,0.0,0.0,0.0,148.18121753476157
204,2024-11-13,148.15921184203097,141.8967318165164,153.4339795036276,148.15921184203097,148.15921184203097,-0.5567098169719907,-0.5567098169719907,-0.5567098169719907,-0.5567098169719907,-0.5567098169719907,-0.5567098169719907,0.0,0.0,0.0,147.60250202505898
205,2024-11-14,147.92648728410703,141.56890738432008,153.45593337615313,147.92648728410703,147.92648728410703,-0.28192510269221505,-0.28192510269221505,-0.28192510269221505,-0.28192510269221505,-0.28192510269221505,-0.28192510269221505,0.0,0.0,0.0,147.6445621814148
206,2024-11-18,146.99558905241133,141.29103729317552,153.18344211226164,146.99558905241133,146.99558905241133,0.23350751598806735,0.23350751598806735,0.23350751598806735,0.23350751598806735,0.23350751598806735,0.23350751598806735,0.0,0.0,0.0,147.2290965683994
207,2024-11-19,146.7628644944874,140.57711962149912,152.84178758544894,146.7628644944874,146.7628644944874,-0.21071886519808797,-0.21071886519808797,-0.21071886519808797,-0.21071886519808797,-0.21071886519808797,-0.21071886519808797,0.0,0.0,0.0,146.5521456292893
208,2024-11-21,146.29741537863953,140.04840850115792,152.22429949866876,146.29741537863953,146.29741537863953,-0.2819251026840662,-0.2819251026840662,-0.2819251026840662,-0.2819251026840662,-0.2819251026840662,-0.2819251026840662,0.0,0.0,0.0,146.01549027595547
209,2024-11-22,146.06469082071558,140.0161637913429,151.77978440398056,146.06469082071558,146.06469082071558,0.08475579026269038,0.08475579026269038,0.08475579026269038,0.08475579026269038,0.08475579026269038,0.08475579026269038,0.0,0.0,0.0,146.1494466109783
210,2024-11-25,145.36651714694383,139.6680802258386,151.37202708067906,145.36651714694383,145.36651714694383,0.23350751598764508,0.23350751598764508,0.23350751598764508,0.23350751598764508,0.23350751598764508,0.23350751598764508,0.0,0.0,0.0,145.60002466293147
211,2024-11-26,145.13379258901992,139.04373669723762,150.60598964758444,145.13379258901992,145.13379258901992,-0.21071886519665287,-0.21071886519665287,-0.21071886519665287,-0.21071886519665287,-0.21071886519665287,-0.21071886519665287,0.0,0.0,0.0,144.92307372382328
212,2024-11-27,144.90106803109597,138.11212888811502,150.05473371740854,144.90106803109597,144.90106803109597,-0.5567098169656899,-0.5567098169656899,-0.5567098169656899,-0.5567098169656899,-0.5567098169656899,-0.5567098169656899,0.0,0.0,0.0,144.3443582141303
213,2024-11-28,144.66834347317203,138.75926952819785,150.14232185482055,144.66834347317203,144.66834347317203,-0.28192510268805837,-0.28192510268805837,-0.28192510268805837,-0.28192510268805837,-0.28192510268805837,-0.28192510268805837,0.0,0.0,0.0,144.38641837048397
214,2024-11-29,144.43561891524809,138.3527024659027,150.340229575352,144.43561891524809,144.43561891524809,0.0847557902628206,0.0847557902628206,0.0847557902628206,0.0847557902628206,0.0847557902628206,0.0847557902628206,0.0,0.0,0.0,144.5203747055109
215,2024-12-02,143.73744524147634,137.75854794047035,149.83318776935204,143.73744524147634,143.73744524147634,0.2335075159840641,0.2335075159840641,0.2335075159840641,0.2335075159840641,0.2335075159840641,0.2335075159840641,0.0,0.0,0.0,143.9709527574604
216,2024-12-03,143.50472068355242,137.47530414011916,149.6529625631474,143.50472068355242,143.50472068355242,-0.21071886519521765,-0.21071886519521765,-0.21071886519521765,-0.21071886519521765,-0.21071886519521765,-0.21071886519521765,0.0,0.0,0.0,143.2940018183572
217,2024-12-04,143.27199612562848,137.01673440609045,148.65529233631833,143.27199612562848,143.27199612562848,-0.5567098169747943,-0.5567098169747943,-0.5567098169747943,-0.5567098169747943,-0.5567098169747943,-0.5567098169747943,0.0,0.0,0.0,142.71528630865367
218,2024-12-05,143.03927156770453,136.9523314868962,148.2883572116087,143.03927156770453,143.03927156770453,-0.2819251026837452,-0.2819251026837452,-0.2819251026837452,-0.2819251026837452,-0.2819251026837452,-0.2819251026837452,0.0,0.0,0.0,142.7573464650208
219,2024-12-06,142.8065470097806,136.96337994937673,148.4723419887449,142.8065470097806,142.8065470097806,0.08475579026707436,0.08475579026707436,0.08475579026707436,0.08475579026707436,0.08475579026707436,0.08475579026707436,0.0,0.0,0.0,142.89130280004767
220,2024-12-09,142.10837333600884,136.32990841007737,148.48074870625098,142.10837333600884,142.10837333600884,0.2335075159880162,0.2335075159880162,0.2335075159880162,0.2335075159880162,0.2335075159880162,0.2335075159880162,0.0,0.0,0.0,142.34188085199685
221,2024-12-10,141.8756487780849,135.88952472211773,147.8051499083055,141.8756487780849,141.8756487780849,-0.21071886519378238,-0.21071886519378238,-0.21071886519378238,-0.21071886519378238,-0.21071886519378238,-0.21071886519378238,0.0,0.0,0.0,141.66492991289113
222,2024-12-11,141.64292422016098,134.84949316160592,146.88673281729575,141.64292422016098,141.64292422016098,-0.5567098169702687,-0.5567098169702687,-0.5567098169702687,-0.5567098169702687,-0.5567098169702687,-0.5567098169702687,0.0,0.0,0.0,141.08621440319072
223,2024-12-12,141.41019966223706,135.46052123719448,146.8248823825887,141.41019966223706,141.41019966223706,-0.2819251026877374,-0.2819251026877374,-0.2819251026877374,-0.2819251026877374,-0.2819251026877374,-0.2819251026877374,0.0,0.0,0.0,141.1282745595493
224,2024-12-13,141.17747510431312,135.2553213372745,147.03724322345386,141.17747510431312,141.17747510431312,0.0847557902613182,0.0847557902613182,0.0847557902613182,0.0847557902613182,0.0847557902613182,0.0847557902613182,0.0,0.0,0.0,141.26223089457443
225,2024-12-16,140.47930143054134,135.1119041760948,146.5035407574707,140.47930143054134,140.47930143054134,0.23350751598321962,0.23350751598321962,0.23350751598321962,0.23350751598321962,0.23350751598321962,0.23350751598321962,0.0,0.0,0.0,140.71280894652455
226,2024-12-17,140.2465768726174,133.9848533538452,146.06667865436677,140.2465768726174,140.2465768726174,-0.21071886519855687,-0.21071886519855687,-0.21071886519855687,-0.21071886519855687,-0.21071886519855687,-0.21071886519855687,0.0,0.0,0.0,140.03585800741885
227,2024-12-18,140.01385231469348,133.37339332103062,145.60299216514218,140.01385231469348,140.01385231469348,-0.5567098169725581,-0.5567098169725581,-0.5567098169725581,-0.5567098169725581,-0.5567098169725581,-0.5567098169725581,0.0,0.0,0.0,139.45714249772092
228,2024-12-19,139.78112775676956,133.885113324372,145.4945191638581,139.78112775676956,139.78112775676956,-0.2819251026917295,-0.2819251026917295,-0.2819251026917295,-0.2819251026917295,-0.2819251026917295,-0.2819251026917295,0.0,0.0,0.0,139.49920265407783
229,2024-12-20,139.54840319884565,133.8067151856163,146.1466706701058,139.54840319884565,139.54840319884565,0.0847557902655718,0.0847557902655718,0.0847557902655718,0.0847557902655718,0.0847557902655718,0.0847557902655718,0.0,0.0,0.0,139.63315898911122
230,2024-12-23,138.85022952507384,133.09419272180392,145.58868154059996,138.85022952507384,138.85022952507384,0.23350751598717173,0.23350751598717173,0.23350751598717173,0.23350751598717173,0.23350751598717173,0.23350751598717173,0.0,0.0,0.0,139.08373704106103
231,2024-12-24,138.6175049671499,131.9194315141475,143.81379990370138,138.6175049671499,138.6175049671499,-0.21071886519724078,-0.21071886519724078,-0.21071886519724078,-0.21071886519724078,-0.21071886519724078,-0.21071886519724078,0.0,0.0,0.0,138.40678610195266
232,2024-12-26,138.15205585130207,132.11534146890423,144.04899980040588,138.15205585130207,138.15205585130207,-0.2819251026835807,-0.2819251026835807,-0.2819251026835807,-0.2819251026835807,-0.2819251026835807,-0.2819251026835807,0.0,0.0,0.0,137.8701307486185
233,2024-12-27,137.91933129337815,132.0269855206648,143.6933510362171,137.91933129337815,137.91933129337815,0.08475579026157828,0.08475579026157828,0.08475579026157828,0.08475579026157828,0.08475579026157828,0.08475579026157828,0.0,0.0,0.0,138.00408708363972
234,2024-12-30,137.22115761960634,130.97474434583518,143.50943982352752,137.22115761960634,137.22115761960634,0.23350751599112388,0.23350751599112388,0.23350751599112388,0.23350751599112388,0.23350751599112388,0.23350751599112388,0.0,0.0,0.0,137.45466513559748
235,2024-12-31,136.9884330616824,130.46565754944734,142.5721770337831,136.9884330616824,136.9884330616824,-0.21071886520201524,-0.21071886520201524,-0.21071886520201524,-0.21071886520201524,-0.21071886520201524,-0.21071886520201524,0.0,0.0,0.0,136.7777141964804
236,2025-01-01,136.75570850375848,130.4594367562872,142.25124578691822,136.75570850375848,136.75570850375848,-0.5567098169771368,-0.5567098169771368,-0.5567098169771368,-0.5567098169771368,-0.5567098169771368,-0.5567098169771368,0.0,0.0,0.0,136.19899868678135
237,2025-01-02,136.52298394583457,130.2802428581214,142.1224301872231,136.52298394583457,136.52298394583457,-0.2819251026875728,-0.2819251026875728,-0.2819251026875728,-0.2819251026875728,-0.2819251026875728,-0.2819251026875728,0.0,0.0,0.0,136.241058843147
238,2025-01-03,136.29025938791065,130.27897478240405,142.21599930657766,136.29025938791065,136.29025938791065,0.08475579026583203,0.08475579026583203,0.08475579026583203,0.08475579026583203,0.08475579026583203,0.08475579026583203,0.0,0.0,0.0,136.37501517817648
239,2025-01-06,135.59208571413885,129.83377933568,142.09782683916762,135.59208571413885,135.59208571413885,0.23350751598632716,0.23350751598632716,0.23350751598632716,0.23350751598632716,0.23350751598632716,0.23350751598632716,0.0,0.0,0.0,135.82559323012518
240,2025-01-07,135.3593611562149,129.2821910616527,141.23547417777579,135.3593611562149,135.3593611562149,-0.21071886519437052,-0.21071886519437052,-0.21071886519437052,-0.21071886519437052,-0.21071886519437052,-0.21071886519437052,0.0,0.0,0.0,135.14864229102054
241,2025-01-08,135.126636598291,128.1086037328686,140.28571246017538,135.126636598291,135.126636598291,-0.5567098169753616,-0.5567098169753616,-0.5567098169753616,-0.5567098169753616,-0.5567098169753616,-0.5567098169753616,0.0,0.0,0.0,134.56992678131562
242,2025-01-09,134.89391204036707,128.34544203147044,140.14616277901848,134.89391204036707,134.89391204036707,-0.2819251026893302,-0.2819251026893302,-0.2819251026893302,-0.2819251026893302,-0.2819251026893302,-0.2819251026893302,0.0,0.0,0.0,134.61198693767773
243,2025-01-10,134.66118748244315,128.9121638414914,140.4481860652517,134.66118748244315,134.66118748244315,0.08475579027008588,0.08475579027008588,0.08475579027008588,0.08475579027008588,0.08475579027008588,0.08475579027008588,0.0,0.0,0.0,134.74594327271325
244,2025-01-13,133.96301380867135,128.16979365363736,139.8767744414333,133.96301380867135,133.96301380867135,0.2335075159902794,0.2335075159902794,0.2335075159902794,0.2335075159902794,0.2335075159902794,0.2335075159902794,0.0,0.0,0.0,134.19652132466163
245,2025-01-14,133.7302892507474,127.59233592033495,139.72892098153557,133.7302892507474,133.7302892507474,-0.2107188651991449,-0.2107188651991449,-0.2107188651991449,-0.2107188651991449,-0.2107188651991449,-0.2107188651991449,0.0,0.0,0.0,133.51957038554826
246,2025-01-15,133.4975646928235,127.01197821920769,138.93948190763552,133.4975646928235,133.4975646928235,-0.556709816977651,-0.556709816977651,-0.556709816977651,-0.556709816977651,-0.556709816977651,-0.556709816977651,0.0,0.0,0.0,132.94085487584584
247,2025-01-16,133.26484013489957,126.8442979274509,139.24031729426503,133.26484013489957,133.26484013489957,-0.2819251026933223,-0.2819251026933223,-0.2819251026933223,-0.2819251026933223,-0.2819251026933223,-0.2819251026933223,0.0,0.0,0.0,132.98291503220625
248,2025-01-17,133.03211557697566,127.56006478654416,139.45875480270846,133.03211557697566,133.03211557697566,0.08475579026609217,0.08475579026609217,0.08475579026609217,0.08475579026609217,0.08475579026609217,0.08475579026609217,0.0,0.0,0.0,133.11687136724174
249,2025-01-18,132.79939101905174,128.6696730144222,140.44966347159206,132.79939101905174,132.79939101905174,2.0030069329762936,2.0030069329762936,2.0030069329762936,2.0030069329762936,2.0030069329762936,2.0030069329762936,0.0,0.0,0.0,134.80239795202803
250,2025-01-19,132.5666664611278,125.30678389062685,137.5800496627462,132.5666664611278,132.5666664611278,-1.2719164543675594,-1.2719164543675594,-1.2719164543675594,-1.2719164543675594,-1.2719164543675594,-1.2719164543675594,0.0,0.0,0.0,131.29475000676024
251,2025-01-20,132.33394190320385,126.27468510665791,138.45839825655605,132.33394190320385,132.33394190320385,0.23350751598669853,0.23350751598669853,0.23350751598669853,0.23350751598669853,0.23350751598669853,0.23350751598669853,0.0,0.0,0.0,132.56744941919055
252,2025-01-21,132.10121734527993,125.86866255272123,137.3398748302295,132.09782154852778,132.1147929594924,-0.21071886520391922,-0.21071886520391922,-0.21071886520391922,-0.21071886520391922,-0.21071886520391922,-0.21071886520391922,0.0,0.0,0.0,131.89049848007602
253,2025-01-22,131.868492787356,125.04475802071389,137.35191561760917,131.8429518783061,131.90200160666046,-0.5567098169731253,-0.5567098169731253,-0.5567098169731253,-0.5567098169731253,-0.5567098169731253,-0.5567098169731253,0.0,0.0,0.0,131.31178297038286
254,2025-01-23,131.63576822943207,125.33348571507663,137.03358520014166,131.57950698594294,131.70785866654782,-0.28192510269124393,-0.28192510269124393,-0.28192510269124393,-0.28192510269124393,-0.28192510269124393,-0.28192510269124393,0.0,0.0,0.0,131.35384312674083
255,2025-01-24,131.40304367150816,125.95419824260972,137.52573787738942,131.31549854406254,131.52383291745807,0.08475579027034617,0.08475579027034617,0.08475579027034617,0.08475579027034617,0.08475579027034617,0.08475579027034617,0.0,0.0,0.0,131.4877994617785
256,2025-01-25,131.17031911358424,126.65953269871966,139.04816961705149,131.03798996826205,131.35036122265956,2.0030069329786815,2.0030069329786815,2.0030069329786815,2.0030069329786815,2.0030069329786815,2.0030069329786815,0.0,0.0,0.0,133.17332604656292
257,2025-01-26,130.9375945556603,123.84149343108949,135.9591764200497,130.75499777831044,131.1803580529471,-1.2719164543680381,-1.2719164543680381,-1.2719164543680381,-1.2719164543680381,-1.2719164543680381,-1.2719164543680381,0.0,0.0,0.0,129.66567810129226
258,2025-01-27,130.70486999773635,124.86718967185337,136.92683815615953,130.47407376377316,130.9945089910878,0.23350751599065053,0.23350751599065053,0.23350751599065053,0.23350751599065053,0.23350751599065053,0.23350751599065053,0.0,0.0,0.0,130.938377513727
259,2025-01-28,130.47214543981244,124.47362172986904,136.28723425728487,130.17830899763206,130.8285674032833,-0.2107188651962745,-0.2107188651962745,-0.2107188651962745,-0.2107188651962745,-0.2107188651962745,-0.2107188651962745,0.0,0.0,0.0,130.26142657461617
260,2025-01-29,130.2394208818885,123.5633918897977,135.51912639525804,129.8763481327552,130.65013353666893,-0.5567098169822297,-0.5567098169822297,-0.5567098169822297,-0.5567098169822297,-0.5567098169822297,-0.5567098169822297,0.0,0.0,0.0,129.68271106490627
261,2025-01-30,130.0066963239646,123.76651232648169,135.8146328108533,129.5774628063101,130.48445479887445,-0.2819251026891656,-0.2819251026891656,-0.2819251026891656,-0.2819251026891656,-0.2819251026891656,-0.2819251026891656,0.0,0.0,0.0,129.72477122127543
262,2025-01-31,129.77397176604066,123.6056139895289,135.62378444010798,129.25328216441244,130.34498215603085,0.08475579026458978,0.08475579026458978,0.08475579026458978,0.08475579026458978,0.08475579026458978,0.08475579026458978,0.0,0.0,0.0,129.85872755630524
263,2025-02-01,129.54124720811674,125.92205831643349,137.64522309071413,128.9503589609743,130.18650918914946,2.003006932978228,2.003006932978228,2.003006932978228,2.003006932978228,2.003006932978228,2.003006932978228,0.0,0.0,0.0,131.54425414109497
264,2025-02-02,129.3085226501928,122.05529463920173,134.1331949992825,128.63355701499188,130.04526689278902,-1.2719164543701897,-1.2719164543701897,-1.2719164543701897,-1.2719164543701897,-1.2719164543701897,-1.2719164543701897,0.0,0.0,0.0,128.0366061958226
265,2025-02-03,129.07579809226888,123.1432912488562,135.41270300322594,128.28332383777897,129.8689690441289,0.2335075159902283,0.2335075159902283,0.2335075159902283,0.2335075159902283,0.2335075159902283,0.2335075159902283,0.0,0.0,0.0,129.3093056082591
266,2025-02-04,128.84307353434497,122.89258626604102,135.0701697879671,127.98228006869768,129.73477000131834,-0.210718865201168,-0.210718865201168,-0.210718865201168,-0.210718865201168,-0.210718865201168,-0.210718865201168,0.0,0.0,0.0,128.6323546691438
267,2025-02-05,128.61034897642105,122.22094745627774,134.04944039637908,127.65367292905883,129.57559577943056,-0.5567098169736395,-0.5567098169736395,-0.5567098169736395,-0.5567098169736395,-0.5567098169736395,-0.5567098169736395,0.0,0.0,0.0,128.0536391594474
268,2025-02-06,128.3776244184971,121.99329900340375,134.87121724517064,127.34198084249388,129.43743585402228,-0.2819251026870872,-0.2819251026870872,-0.2819251026870872,-0.2819251026870872,-0.2819251026870872,-0.2819251026870872,0.0,0.0,0.0,128.09569931581
269,2025-02-07,128.14489986057316,122.2473754101785,134.67479044984785,127.01043904760778,129.398301306312,0.08475579026884354,0.08475579026884354,0.08475579026884354,0.08475579026884354,0.08475579026884354,0.08475579026884354,0.0,0.0,0.0,128.229655650842
270,2025-02-08,127.91217530264923,123.64286045476398,136.32491537315533,126.65858851821427,129.27535802930402,2.003006932976415,2.003006932976415,2.003006932976415,2.003006932976415,2.003006932976415,2.003006932976415,0.0,0.0,0.0,129.91518223562565
271,2025-02-09,127.67945074472532,120.64070366483799,132.5780978749305,126.30589070746636,129.1269174718022,-1.271916454368996,-1.271916454368996,-1.271916454368996,-1.271916454368996,-1.271916454368996,-1.271916454368996,0.0,0.0,0.0,126.40753429035632
272,2025-02-10,127.44672618680138,121.57897368111887,133.81648631349256,125.98458432039328,128.9867907775944,0.2335075159898061,0.2335075159898061,0.2335075159898061,0.2335075159898061,0.2335075159898061,0.2335075159898061,0.0,0.0,0.0,127.68023370279118
273,2025-02-11,127.21400162887747,120.85579582952668,133.04940514578345,125.60947569871193,128.84011851147991,-0.21071886519352317,-0.21071886519352317,-0.21071886519352317,-0.21071886519352317,-0.21071886519352317,-0.21071886519352317,0.0,0.0,0.0,127.00328276368394
274,2025-02-12,126.98127707095354,119.6774938054529,132.14908004937806,125.25926974495928,128.7305116555536,-0.5567098169759288,-0.5567098169759288,-0.5567098169759288,-0.5567098169759288,-0.5567098169759288,-0.5567098169759288,0.0,0.0,0.0,126.42456725397761
275,2025-02-13,126.7485525130296,120.0991130154019,132.95331297176423,124.91319328129964,128.61965516482425,-0.28192510269107934,-0.28192510269107934,-0.28192510269107934,-0.28192510269107934,-0.28192510269107934,-0.28192510269107934,0.0,0.0,0.0,126.46662741033852
276,2025-02-14,126.51582795510568,120.25687510238498,133.26750805105695,124.60201717969368,128.5380223138456,0.08475579026897376,0.08475579026897376,0.08475579026897376,0.08475579026897376,0.08475579026897376,0.08475579026897376,0.0,0.0,0.0,126.60058374537465
277,2025-02-15,126.28310339718175,121.9512433454904,134.65884170359013,124.22410666995304,128.44471883630152,2.003006932974601,2.003006932974601,2.003006932974601,2.003006932974601,2.003006932974601,2.003006932974601,0.0,0.0,0.0,128.28611033015636
278,2025-02-16,126.05037883925782,118.2617657071291,131.42565856569442,123.87899982695528,128.32877874798334,-1.271916454366413,-1.271916454366413,-1.271916454366413,-1.271916454366413,-1.271916454366413,-1.271916454366413,0.0,0.0,0.0,124.7784623848914
